a,1530,1531,1532,1533,1534,1535,1536,1537,1538,1539,1540,1541,1542,1543,1544,1545,1546,1547,1548,1549,1550,1551,1552,1553,1554,1555,1556,1557,1558,1559,1560,1561,1562,1563,1564,1565
1530,inf,1.933915363658932e-09,1.885265156361401e-09,2.0358105016670402e-09,2.287801237696348e-09,2.769017072414218e-09,3.4042580258512484e-09,4.039478381372333e-09,4.5243452065576634e-09,4.9114878854370396e-09,5.1445464876735945e-09,5.287440374608652e-09,5.328874871203435e-09,5.343986875246101e-09,5.31403877185167e-09,5.325415852120517e-09,5.2943427247642e-09,5.252642575807498e-09,5.207179070553641e-09,5.1579562047899265e-09,5.078600912686876e-09,4.991726397401442e-09,4.916151652700434e-09,4.810456410519559e-09,4.738662168485615e-09,4.64050370575448e-09,4.538597392594032e-09,4.455523986688123e-09,4.357388548621459e-09,4.281849492088299e-09,4.240202774065391e-09,4.206092009172503e-09,4.190803014184356e-09,4.160453622833823e-09,4.137638708474564e-09,4.10353634497669e-09
1531,1.6576925667007514e-09,inf,1.9288709180525465e-09,1.8803508151316773e-09,2.0305071882943374e-09,2.2818453638928045e-09,2.7618131293734612e-09,3.3954071809354774e-09,4.028982827625974e-09,4.5125974809611415e-09,4.898743194425899e-09,5.131205693426826e-09,5.273737912420682e-09,5.315073972335878e-09,5.330155793848553e-09,5.300294094216028e-09,5.311650648711667e-09,5.280666677076098e-09,5.239083002170569e-09,5.193745529477718e-09,5.144658226000674e-09,5.065515957387832e-09,4.978873552062253e-09,4.9035015424234784e-09,4.79808623007044e-09,4.726484437112907e-09,4.6285858853719056e-09,4.526948768779109e-09,4.444095909243465e-09,4.346219343087212e-09,4.270880943143927e-09,4.229347860528622e-09,4.195331305992067e-09,4.180088278815258e-09,4.1498232772621225e-09,4.127073405957829e-09
1532,1.7612770030400205e-09,1.6533658021115056e-09,inf,1.923842909208584e-09,1.8754524763053995e-09,2.0252211326827718e-09,2.2759088587722466e-09,2.7546325985474184e-09,3.3865850818440168e-09,4.018521339271054e-09,4.500887860191634e-09,4.88603981519098e-09,5.117908115201544e-09,5.260079809098233e-09,5.301317722093967e-09,5.316369429789214e-09,5.286593825850217e-09,5.29792989217006e-09,5.267034759878898e-09,5.225567154961121e-09,5.180355280482657e-09,5.131403074813678e-09,5.052473116498675e-09,4.966062047467188e-09,4.890892094642254e-09,4.7857557867648436e-09,4.71434579955667e-09,4.616706299872271e-09,4.515337492244145e-09,4.43270444849344e-09,4.335085901877822e-09,4.259947493534579e-09,4.218527660477191e-09,4.184604993021202e-09,4.169407764873185e-09,4.139226861914053e-09
1533,2.0131288304691276e-09,1.756679871387453e-09,1.6490531449947894e-09,inf,1.91883127290008e-09,1.8705700773935667e-09,2.0199522674850345e-09,2.2699916467987544e-09,2.747475388690115e-09,3.377791616616581e-09,4.008093783714508e-09,4.489216196029501e-09,4.873377587142398e-09,5.104653585114336e-09,5.246465892429714e-09,5.287605947253283e-09,5.302627609689193e-09,5.27293779468099e-09,5.284253410387909e-09,5.253446802400105e-09,5.212094865079335e-09,5.1670081562561855e-09,5.118190585818296e-09,5.0394722274679315e-09,4.953291724153512e-09,4.878323152610987e-09,4.773464927522388e-09,4.702246105311461e-09,4.604864802151282e-09,4.503763419391884e-09,4.421349463739989e-09,4.323988087658377e-09,4.249049008565108e-09,4.207742040781819e-09,4.173912938454665e-09,4.1587613412834985e-09
1534,2.3749608622409873e-09,2.0078743371377143e-09,1.7520977287427593e-09,1.6447545401894602e-09,inf,1.913835945192682e-09,1.8657035561916807e-09,2.014700525660236e-09,2.2640936527798667e-09,2.7403414089701874e-09,3.369026673801302e-09,3.9977000289650054e-09,4.4775823409273016e-09,4.860756350418111e-09,5.0914419360421686e-09,5.232895990983041e-09,5.2739384753729795e-09,5.288930160953368e-09,5.259325829412454e-09,5.270621032034442e-09,5.239902634637703e-09,5.198665964187834e-09,5.153703990239942e-09,5.105020594348745e-09,5.026513128475627e-09,4.940562423375636e-09,4.8657945602883775e-09,4.7612134999502565e-09,4.690185204547399e-09,4.593061245764531e-09,4.492226407268795e-09,4.410030814915391e-09,4.312925763708837e-09,4.238185354143034e-09,4.196990868908491e-09,4.163255011076191e-09
1535,2.842212682870743e-09,2.368761946491463e-09,2.0026369761505254e-09,1.747530516497941e-09,1.6404699327858448e-09,inf,1.9088568624431115e-09,1.860852850778266e-09,2.0094658404723182e-09,2.258214801864792e-09,2.7332305689687472e-09,3.3602901424520855e-09,3.9873399436298056e-09,4.465986148006311e-09,4.8481759458801215e-09,5.078273001618473e-09,5.219369934101576e-09,5.260315134791733e-09,5.275276911766313e-09,5.245757759522054e-09,5.257032586551894e-09,5.226402087356209e-09,5.185280284707768e-09,5.14044261662558e-09,5.091892936480265e-09,5.013595658429531e-09,4.927873987101429e-09,4.853306162333982e-09,4.749001352339665e-09,4.678162948106706e-09,4.581295484924092e-09,4.480726313561783e-09,4.398748362579018e-09,4.3018987939208795e-09,4.227356396775454e-09,4.186274012915443e-09
1536,3.233225780831511e-09,2.8347941871626834e-09,2.362583242387813e-09,1.9974166805189764e-09,1.742978176312171e-09,1.6361992681244257e-09,inf,1.903893961297666e-09,1.8560178995134014e-09,2.0042481454884707e-09,2.252355019542639e-09,2.726142778677229e-09,3.3515819121259954e-09,3.977013396911665e-09,4.4544274710530555e-09,4.835636215110753e-09,5.0651466162292255e-09,5.205887551900148e-09,5.246735754623701e-09,5.2616676910882995e-09,5.2322334152566095e-09,5.243487904151507e-09,5.212944992082681e-09,5.171937659814888e-09,5.127223870350914e-09,5.0788074490252936e-09,5.000719656961433e-09,4.915226258008571e-09,4.840857804104624e-09,4.736828333662349e-09,4.666179187500254e-09,4.569567374495175e-09,4.4692629965949e-09,4.387501967914139e-09,4.29090704279478e-09,4.216562003565989e-09
1537,3.559593220495316e-09,3.2247866968309228e-09,2.827399879556901e-09,2.356424670901174e-09,1.992213383559863e-09,1.7384406501104204e-09,1.6319424917945423e-09,inf,1.8989471786907044e-09,1.8511986410372544e-09,1.999047374577553e-09,2.2465142316406544e-09,2.7190779484952723e-09,3.342901872880649e-09,3.966720258605763e-09,4.4429061645158744e-09,4.823137000408923e-09,5.052062615009064e-09,5.192448675261048e-09,5.233200164754548e-09,5.2481023286512935e-09,5.218752627628312e-09,5.229986815809594e-09,5.19953118110284e-09,5.158637923435699e-09,5.114047587096095e-09,5.065763969529719e-09,4.987884964423409e-09,4.90261907948089e-09,4.828449331650821e-09,4.724694293567091e-09,4.654233774904143e-09,4.55787676999277e-09,4.4578363153261e-09,4.376291492724732e-09,4.2799503754363035e-09
1538,3.803458400305131e-09,3.5503022806624793e-09,3.2163751285740862e-09,2.820029665476331e-09,2.3502861533629617e-09,1.9870270188937777e-09,1.733917880082059e-09,1.627699549633095e-09,inf,1.894016451843157e-09,1.846395014268629e-09,1.993863461908539e-09,2.2406923643224693e-09,2.7120359892286034e-09,3.3342499152716208e-09,3.956460399096625e-09,4.431422083501502e-09,4.81067814478643e-09,5.039020833837409e-09,5.179053135830072e-09,5.219708195837445e-09,5.234580654954968e-09,5.2053152284108165e-09,5.216529153263589e-09,5.18616048745714e-09,5.145380910243569e-09,5.100913603279776e-09,5.0527623362690725e-09,4.975091421884132e-09,4.8900522956047655e-09,4.81608059171321e-09,4.712599082376244e-09,4.642326563156302e-09,4.546223527578339e-09,4.446446129343996e-09,4.365116799432315e-09
1539,4.016729235450976e-09,3.79353094484464e-09,3.541041634060476e-09,3.207990968472642e-09,2.8126834507750646e-09,2.344167611462994e-09,1.98185752044353e-09,1.7294098086794962e-09,1.6234703877232605e-09,inf,1.889101718261032e-09,1.841606958403523e-09,1.9886963419489494e-09,2.2348893440863528e-09,2.705016812086935e-09,3.325625930349866e-09,3.9462336893550916e-09,4.419975083771657e-09,4.798259491964277e-09,5.026021109334637e-09,5.1657007660126015e-09,5.20625967928912e-09,5.221102501262757e-09,5.191921050135304e-09,5.203114749008137e-09,5.172832744936896e-09,5.1321664556549104e-09,5.087821756055351e-09,5.039802388244809e-09,4.9623388711252016e-09,4.877525751165505e-09,4.803751431719043e-09,4.700542551082286e-09,4.630457405753107e-09,4.534607504056499e-09,4.435092298864631e-09
1540,4.071784215290185e-09,4.006245119053492e-09,3.783635857982509e-09,3.5318111622407887e-09,3.1996341094286986e-09,2.8053611417361024e-09,2.3380689672476133e-09,1.9767048224325694e-09,1.7249163786167976e-09,1.6192549523932131e-09,inf,1.884202915733943e-09,1.836834412913685e-09,1.983545949463319e-09,2.22910509776349e-09,2.69802032868187e-09,3.317029809659165e-09,3.936040000935265e-09,4.408565021739675e-09,4.7858808863690246e-09,5.013063278858255e-09,5.152391398969671e-09,5.192854447285942e-09,5.207667699597923e-09,5.1785699260866e-09,5.189743436291185e-09,5.159547788080422e-09,5.118994395825357e-09,5.074771883307157e-09,5.0268839651805885e-09,4.949627154637485e-09,4.8650392916437794e-09,4.791461699778658e-09,4.688524551344394e-09,4.618626156846007e-09,4.523028556871753e-09
1541,4.046363132949e-09,4.0611563991850345e-09,3.995795186254632e-09,3.773773013155402e-09,3.522610747294882e-09,3.1913044448322827e-09,2.798062645069124e-09,2.3319901431178507e-09,1.971568859383428e-09,1.720437532868342e-09,1.6150531902148522e-09,inf,1.879319982333637e-09,1.8320773175451947e-09,1.978412219511643e-09,2.223339552516245e-09,2.6910464510248402e-09,3.3084614452335727e-09,3.9258792059715255e-09,4.397191754467126e-09,4.773542173129134e-09,5.0001471804991044e-09,5.139124868614079e-09,5.1794923327599896e-09,5.194276082739662e-09,5.165261690299277e-09,5.176415049110144e-09,5.146305452169215e-09,5.1058645676459936e-09,5.061763823646745e-09,5.014006907518558e-09,4.936956115617502e-09,4.852592763212074e-09,4.779211244681979e-09,4.676544935485042e-09,4.60683267123818e-09
1542,3.973808311108507e-09,4.035801668736295e-09,4.050563235213292e-09,3.98537930339429e-09,3.76394228437695e-09,3.513440271851385e-09,3.183001868558804e-09,2.790787867908269e-09,2.325931061827569e-09,1.9664495661161702e-09,1.715973214667459e-09,1.610865048002537e-09,inf,1.874452856412531e-09,1.827335612317034e-09,1.973295087447865e-09,2.2175926358364643e-09,2.6840950915250147e-09,3.299920729594893e-09,3.915751177175519e-09,4.385855139660494e-09,4.761243198071363e-09,4.98727265307757e-09,5.125901009606537e-09,5.166173169395164e-09,5.180927484219182e-09,5.151996177553833e-09,5.163129422208015e-09,5.1331055732241215e-09,5.092776808739549e-09,5.048797416409148e-09,5.00117105641569e-09,4.924325597963781e-09,4.84018601273112e-09,4.766999915895068e-09,4.6646035564866065e-09
1543,3.872579148530949e-09,3.963436223165097e-09,4.025274640315783e-09,4.040004587882839e-09,3.974997337421683e-09,3.754143546234758e-09,3.504299619073301e-09,3.1747262749665165e-09,2.7835367178099334e-09,2.319891646481637e-09,1.961346877746836e-09,1.7115233675050903e-09,1.6066904728118307e-09,inf,1.8696014766022616e-09,1.8226092375196837e-09,1.9681944889183476e-09,2.211864275543764e-09,2.677166162987276e-09,3.2914075557501563e-09,3.905655787833181e-09,4.37455503566784e-09,4.74898380771717e-09,4.974439536139851e-09,5.112719657351791e-09,5.152896791623359e-09,5.1676217383158874e-09,5.138773223372838e-09,5.149886391069575e-09,5.119947988001554e-09,5.079730957456681e-09,5.035872501649177e-09,4.98837625374011e-09,4.911735446273315e-09,4.827818887746418e-09,4.754827563556638e-09
1544,3.746558191177124e-09,3.862471280120666e-09,3.953097953550077e-09,4.014781913041259e-09,4.029480322319244e-09,3.964649155892179e-09,3.7443766738874065e-09,3.4951886726552306e-09,3.166477558894031e-09,2.776309102750569e-09,2.3138718205341062e-09,1.9562607296859218e-09,1.7070879351284553e-09,1.602529411938255e-09,inf,1.8647657818122396e-09,1.8178981337137128e-09,1.9631103598603618e-09,2.206154399783843e-09,2.670259578610154e-09,3.2829218171891145e-09,3.895592911801798e-09,4.3632913014755026e-09,4.736763849279131e-09,4.961647669954197e-09,5.099580647994831e-09,5.139663034620569e-09,5.154358680053511e-09,5.125592664017152e-09,5.1366857919175776e-09,5.1068325339897325e-09,5.066726852872226e-09,5.02298892013774e-09,4.9756223420674824e-09,4.899185505837951e-09,4.8154912364847074e-09
1545,3.6283511178458817e-09,3.736779251680884e-09,3.852396368547525e-09,3.9427933700315645e-09,4.004323352880338e-09,4.0189903042625325e-09,3.954334626964146e-09,3.734641543061499e-09,3.4861073168206057e-09,3.158255615657799e-09,2.769104931124515e-09,2.3078715077864024e-09,1.951191057636842e-09,1.702666861539723e-09,1.598381812916043e-09,inf,1.859945711228216e-09,1.813202241728388e-09,1.9580426365005903e-09,2.2004629370267956e-09,2.6633752519838083e-09,3.274463407881766e-09,3.885562423507026e-09,4.35206379670481e-09,4.724583170657388e-09,4.948896895507231e-09,5.08648381841707e-09,5.126471734303105e-09,5.141138145196291e-09,5.112454336482112e-09,5.1235274617089575e-09,5.0937590494049206e-09,5.05376433478151e-09,5.010146513358179e-09,4.962909164677361e-09,4.8866756226408625e-09
1546,3.5467122005684765e-09,3.6188807121449685e-09,3.72703219654476e-09,3.8423542849481395e-09,3.932522340980495e-09,3.9938988264112666e-09,4.008534400064001e-09,3.9440536193958155e-09,3.7249380300486943e-09,3.477055436318943e-09,3.150060341049649e-09,2.7619241117418234e-09,2.301890632385518e-09,1.946137797594419e-09,1.6982600909946922e-09,1.5942476235169047e-09,inf,1.8551412043108491e-09,1.8085215026602854e-09,1.9529912553536294e-09,2.194789816065448e-09,2.6565130970880117e-09,3.26603222227587e-09,3.87556419794001e-09,4.340872381608816e-09,4.7124416204361195e-09,4.936187054500232e-09,5.073429006232561e-09,5.113322727323792e-09,5.127959970245194e-09,5.099358078493788e-09,5.110411238131094e-09,5.080727373187716e-09,5.040843243696659e-09,4.997345123502621e-09,4.950236565549629e-09
1547,3.4690550494408293e-09,3.5374548816506437e-09,3.609441184825697e-09,3.717316901098822e-09,3.832344901046575e-09,3.922284735367484e-09,3.983508200819736e-09,3.9981124766830225e-09,3.933806002542172e-09,3.7152660117027864e-09,3.4680329164231116e-09,3.141891631334313e-09,2.7547665538261025e-09,2.295929118822233e-09,1.9411008858433697e-09,1.6938675680014768e-09,1.5901267917488006e-09,inf,1.8503522007942923e-09,1.8038558578719064e-09,1.9479561532205086e-09,2.1891349660136788e-09,2.6496730282901354e-09,3.2576281552944976e-09,3.8655981106544426e-09,4.329716917069056e-09,4.700339047880027e-09,4.923517989345482e-09,5.060416049784246e-09,5.10021585106818e-09,5.114823992434125e-09,5.086303728505239e-09,5.09733695959806e-09,5.06773734499933e-09,5.027963420842924e-09,4.984584593468382e-09
1548,3.373864188988276e-09,3.4600004244472814e-09,3.5282277463422144e-09,3.6000324151515748e-09,3.707633241241466e-09,3.822368089151293e-09,3.912080422759695e-09,3.973151343895725e-09,3.9877244016839045e-09,3.923591646351834e-09,3.7056253654367626e-09,3.4590396429266276e-09,3.1337493832469788e-09,2.747632167012382e-09,2.2899868919293246e-09,1.9360802589568116e-09,1.6894892373192065e-09,1.5860192658547237e-09,inf,1.845578640684777e-09,1.7992052489903166e-09,1.9429372671872087e-09,2.1834983163047866e-09,2.6428549603431604e-09,3.2492511023335762e-09,3.855664037763685e-09,4.318597264592314e-09,4.688275302930828e-09,4.9108895431626066e-09,5.047444788140224e-09,5.0871509436507995e-09,5.101730049726184e-09,5.073291125692781e-09,5.084304465246895e-09,5.0547888052179224e-09,5.015124708155066e-09
1549,3.27558281447159e-09,3.365058022878179e-09,3.4509753221769452e-09,3.5190306766232963e-09,3.5906542829365162e-09,3.697981093436488e-09,3.812423722152122e-09,3.90190927331775e-09,3.9628281240303655e-09,3.977370043232732e-09,3.9134104213640025e-09,3.696015969219944e-09,3.4500755021409452e-09,3.1256334939908492e-09,2.7405208613449763e-09,2.284063876879804e-09,1.931075853794765e-09,1.685125043956726e-09,1.581924994311482e-09,inf,1.8408204642592142e-09,1.7945696179057732e-09,1.937934534623199e-09,2.177879796689829e-09,2.636058808383691e-09,3.240900959259473e-09,3.845761855937902e-09,4.307513286307422e-09,4.6762502362038114e-09,4.898301559774961e-09,5.034515061090026e-09,5.074127843911426e-09,5.0886779808099285e-09,5.060320109952317e-09,5.071313594933935e-09,5.041881594934931e-09
1550,3.27558281447159e-09,3.365058022878179e-09,3.4509753221769452e-09,3.5190306766232963e-09,3.5906542829365162e-09,3.697981093436488e-09,3.812423722152122e-09,3.90190927331775e-09,3.9628281240303655e-09,3.977370043232732e-09,3.9134104213640025e-09,3.696015969219944e-09,3.4500755021409452e-09,3.1256334939908492e-09,2.7405208613449763e-09,2.284063876879804e-09,2.278159999185158e-09,1.685125043956726e-09,1.581924994311482e-09,1.7249032952030242e-09,inf,1.8360776120637933e-09,1.7899489067703714e-09,1.93294789317998e-09,2.172279337235997e-09,2.6292844879299886e-09,3.232577622406566e-09,3.835891442401178e-09,4.2964648449620525e-09,4.664263698984345e-09,4.8857538837060234e-09,5.021626709140929e-09,5.061146391411372e-09,5.0756676250956715e-09,5.0626988227117834e-09,5.058364189231121e-09
1551,3.2242398370033465e-09,3.2670331738352654e-09,3.3562805693878526e-09,3.4419796271940354e-09,3.509863555012023e-09,3.581306668541981e-09,3.6883603347101123e-09,3.8025116735172255e-09,3.891771157792643e-09,3.952538410212813e-09,3.967049270094256e-09,3.903262198705373e-09,3.6864377015750607e-09,3.441140380892783e-09,3.117543861234723e-09,2.733432547275373e-09,2.278159999185158e-09,1.9260876075026783e-09,1.680774933171308e-09,1.5778439258284936e-09,1.7204562377790356e-09,inf,7.903762574281173e-09,1.8266376438862534e-09,1.7807520142565063e-09,1.9230226356633543e-09,2.1611323206513902e-09,2.615801005509431e-09,3.2160109550275345e-09,3.816245431843933e-09,4.2744740271558346e-09,4.6404056215395225e-09,4.860778835097255e-09,4.995973496141826e-09,5.035307789960037e-09,5.049771414501032e-09
1552,3.1447195786590534e-09,3.2158242073297767e-09,3.2585114094140497e-09,3.3475317162490735e-09,3.4330132245890196e-09,3.500726264561758e-09,3.5719894528741243e-09,3.6787708426480828e-09,3.792631817290096e-09,3.881665947522671e-09,3.9422820720271526e-09,3.956761951628784e-09,3.8931468500871015e-09,3.67689044157541e-09,3.432234166521451e-09,3.109480383110586e-09,2.726367135660123e-09,2.272275184693597e-09,1.9211154575099483e-09,1.676438850467369e-09,1.5737760093465868e-09,1.7160235025922512e-09,inf,7.883424823285915e-09,1.8219404103304913e-09,1.7761757184793475e-09,1.918083896290075e-09,2.1555856252210754e-09,2.609091676469776e-09,3.207767419488696e-09,3.806469592015781e-09,4.263531379256131e-09,4.628533787204627e-09,4.8483511550728084e-09,4.9832083196621345e-09,5.022450323705955e-09
1553,3.0371924620280282e-09,3.1365115058297647e-09,3.2074360169268196e-09,3.250017412210114e-09,3.3388113517054227e-09,3.424075999975862e-09,3.4916186888582973e-09,3.5627025173809635e-09,3.6692124953927533e-09,3.782784028086568e-09,3.871593514430384e-09,3.932058979649298e-09,3.94650795778909e-09,3.883064247801778e-09,3.667374068841997e-09,3.423356746876199e-09,3.1014429582112153e-09,2.719324537758752e-09,2.2664093595883187e-09,1.9161593415284582e-09,1.6721167415951975e-09,1.5697211940368097e-09,1.7116050343267004e-09,inf,7.863152445927327e-09,1.8172582658548535e-09,1.7716141138512817e-09,1.913161001434982e-09,2.150056713349606e-09,2.6024038447864167e-09,3.1995502801408914e-09,3.796725034855828e-09,4.252623725411992e-09,4.616699894151444e-09,4.835963167390764e-09,4.970483887416927e-09
1554,2.9549816150610256e-09,3.0292650471023635e-09,3.1283301955292825e-09,3.1990751585051287e-09,3.24155107372253e-09,3.3301193645096205e-09,3.4151678394893175e-09,3.482540712017113e-09,3.5534457440495624e-09,3.659685171640196e-09,3.7729681810918555e-09,3.861553731019563e-09,3.9218690038439454e-09,3.936287159117351e-09,3.873014264720411e-09,3.6578884635407063e-09,3.4145080103135817e-09,3.0934314855878008e-09,2.712304665231678e-09,2.2605624503857795e-09,1.9112191975511195e-09,1.6678085525496868e-09,1.5656794292992426e-09,1.707200777915502e-09,inf,7.842945190203131e-09,1.8125911523313052e-09,1.767067143813549e-09,1.9082538901381243e-09,2.144545516660645e-09,2.5957374278566992e-09,3.1913594356228183e-09,3.787011640315545e-09,4.241750931418119e-09,4.604903796964752e-09,4.82361472002183e-09
1555,2.851984283991968e-09,2.947268779719448e-09,3.021363479616739e-09,3.120175543114366e-09,3.1907415252644668e-09,3.2331122859446754e-09,3.3214556439208785e-09,3.4062886297822055e-09,3.473492218680595e-09,3.544219015403232e-09,3.6501887506373255e-09,3.763184152057585e-09,3.851546470372198e-09,3.911712015961504e-09,3.926099426742095e-09,3.862996774289443e-09,3.6484335063794794e-09,3.405687845694841e-09,3.0854458647475734e-09,2.7053074301381404e-09,2.2547343839339765e-09,1.906294963850424e-09,1.6635142295690732e-09,1.561650664761819e-09,1.702810678539587e-09,inf,7.82280280524365e-09,1.807939011892892e-09,1.7625347520612557e-09,1.9033625017130057e-09,2.1390519670843722e-09,2.5890923434480295e-09,3.183194785026983e-09,3.777329288883534e-09,4.230912863669306e-09,4.59314535087913e-09
1556,2.7882469830500965e-09,2.8445402833027314e-09,2.939581092178373e-09,3.0134876585059737e-09,3.1120474444188203e-09,3.1824350108911555e-09,3.224700941361664e-09,3.3128200797022692e-09,3.397438258022735e-09,3.4644730940153126e-09,3.535022214498755e-09,3.6407231121790467e-09,3.753431817298869e-09,3.841571606145503e-09,3.901587887935076e-09,3.915944632375167e-09,3.853011650527766e-09,3.6390090786055235e-09,3.3968961423832934e-09,3.077485995651461e-09,2.6983327449341492e-09,2.248925087410736e-09,1.901386578977007e-09,1.6592337191336852e-09,1.5576348502791545e-09,1.6984346816264197e-09,inf,7.802725041305987e-09,1.8033017869324035e-09,1.7580168825420801e-09,1.8984867757451747e-09,2.133575996855926e-09,2.582468509695978e-09,3.1750562278973796e-09,3.7676778615827794e-09,4.22010938915737e-09
1557,2.721306654450631e-09,2.7809693439059796e-09,2.8371205538750963e-09,2.9319184541082507e-09,3.0056374831656156e-09,3.1039457957510095e-09,3.17415550955555e-09,3.2163169329477906e-09,3.304212562118101e-09,3.388616611891814e-09,3.4554832237092996e-09,3.5258552249236026e-09,3.6312881366054098e-09,3.743711053691388e-09,3.831629012568928e-09,3.8914964922774395e-09,3.905822648308709e-09,3.843058768023778e-09,3.6296150620025137e-09,3.388132790241747e-09,3.0695517787117382e-09,2.6913805224704362e-09,2.24313448832202e-09,1.8964939817582103e-09,1.6549669679646984e-09,1.553631935931384e-09,1.694072732848736e-09,inf,7.782711649768241e-09,1.7986794201010378e-09,1.7535134794549747e-09,1.8936266520908388e-09,2.128117538513834e-09,2.5758658451024e-09,3.1669436642271857e-09,3.758057239967923e-09
1558,2.6301686615003386e-09,2.7142037371151254e-09,2.77371543359947e-09,2.8297250008068402e-09,2.9242807676277983e-09,2.9978128534495467e-09,3.0958704938913875e-09,3.1659029159095106e-09,3.2079601541639885e-09,3.295632981931318e-09,3.3798235795803984e-09,3.446522493969346e-09,3.5167179307932e-09,3.6218837047987877e-09,3.734021738668484e-09,3.821718564441208e-09,3.881437702078044e-09,3.895733347412171e-09,3.8331380019324226e-09,3.6202513388878374e-09,3.3793976796299195e-09,3.0616431147897097e-09,2.6844506759904243e-09,2.237362514500234e-09,1.8916171112966646e-09,1.650713923022897e-09,1.5496418720229983e-09,1.68972477812328e-09,inf,7.762762383123769e-09,1.7940718543070829e-09,1.7490244872488796e-09,1.8887820708754785e-09,2.1226765248984645e-09,2.5692842685335625e-09,3.158856994456458e-09
1559,2.5604486436813974e-09,2.623303624606933e-09,2.707123978934487e-09,2.766485159349259e-09,2.822353529628377e-09,2.916667935301657e-09,2.9900136696676025e-09,3.0878214360900512e-09,3.157677125083916e-09,3.1996304989553025e-09,3.287081230400916e-09,3.3710590497868387e-09,3.4375907915183094e-09,3.5076102167481807e-09,3.612509698181073e-09,3.7243637502182815e-09,3.811840137127415e-09,3.871411391000047e-09,3.885676603129325e-09,3.823249227972289e-09,3.6109177921098342e-09,3.3706907014018816e-09,3.0537599051933927e-09,2.6775431191282034e-09,2.2316090941025484e-09,1.886755906968872e-09,1.6464745315074452e-09,1.545664609081698e-09,1.685390763609557e-09,inf,7.742876994975461e-09,1.789479032714595e-09,1.7445498506214443e-09,1.883952972492466e-09,2.1172528891504857e-09,2.5627236992182804e-09
1560,2.4910756508151533e-09,2.55376558389902e-09,2.6164609712561013e-09,2.700067289354901e-09,2.7592784287970075e-09,2.8150060463005077e-09,2.9090798601380766e-09,2.982239832583193e-09,3.079798520064286e-09,3.149478032686161e-09,3.1913278617483756e-09,3.2785571992793646e-09,3.36232291171426e-09,3.4286880035924457e-09,3.498531967951679e-09,3.6031659987108825e-09,3.714736966880813e-09,3.80199360655603e-09,3.8614174332773376e-09,3.8756522894753016e-09,3.813392322422688e-09,3.6016143050450706e-09,3.362011746903512e-09,3.0459020516752192e-09,2.6706577659065265e-09,2.2258741556092304e-09,1.881910308423798e-09,1.64224874085466e-09,1.5417000978572436e-09,1.6810706357085851e-09,inf,7.723055240030066e-09,1.7849008987420936e-09,1.7400895145177584e-09,1.8791392976017e-09,2.1118465647093298e-09
1561,2.411620589262115e-09,2.4845736623695312e-09,2.5471043143204652e-09,2.6096406139267245e-09,2.6930335782353698e-09,2.7520951500051374e-09,2.807682457212176e-09,2.9015164455866074e-09,2.9744912434109494e-09,3.0718016439961525e-09,3.141305534797696e-09,3.1830521374489486e-09,3.2700607808100513e-09,3.3536150550679358e-09,3.419814017938745e-09,3.4894830700866146e-09,3.593852488880783e-09,3.7051412677451697e-09,3.792178849216042e-09,3.8514557037116005e-09,3.865660281033646e-09,3.803567162120768e-09,3.5923407615956034e-09,3.3533607079699608e-09,3.0380694564297525e-09,2.663794530734806e-09,2.2201576278219858e-09,1.877080255581477e-09,1.6380364987367968e-09,1.5377482893203208e-09,1.6767643410616615e-09,inf,7.703296874092554e-09,1.7803373960612586e-09,1.735643424129081e-09,1.874340987128246e-09
1562,2.342955996601168e-09,2.405325987489795e-09,2.4780928737422716e-09,2.5404647497446096e-09,2.602842465496675e-09,2.6860227558455603e-09,2.7449352314546553e-09,2.8003826691782472e-09,2.8939775955358126e-09,2.9667678038143864e-09,3.06383070653007e-09,3.1331595279715577e-09,3.174803221439384e-09,3.2615918677247388e-09,3.344935370052698e-09,3.4109687228122974e-09,3.480463409353014e-09,3.5845690517145335e-09,3.6955765324466706e-09,3.7823957421540504e-09,3.8415260776693834e-09,3.855700452953384e-09,3.793773624458648e-09,3.5830970461862892e-09,3.34473747692314e-09,3.030262022091412e-09,2.656953328407135e-09,2.2144594398623028e-09,1.872265688631616e-09,1.6338377530608412e-09,1.5338091346614065e-09,1.6724718265491278e-09,inf,7.683601654060468e-09,1.7757884685956367e-09,1.73121152489159e-09
1563,2.2919274714116375e-09,2.3368406171611602e-09,2.3990519093488764e-09,2.471633202040695e-09,2.533846805358741e-09,2.5960664392407346e-09,2.679034732863666e-09,2.7377985820429625e-09,2.7931065894372914e-09,2.8864632143109746e-09,2.9590694159035606e-09,3.055885606770414e-09,3.125039909229931e-09,3.1665810095761913e-09,3.253150353241039e-09,3.3362837473703506e-09,3.40215200697366e-09,3.471472872465335e-09,3.575315570764344e-09,3.6860426411640416e-09,3.7726441629713864e-09,3.831628431079187e-09,3.8457726809461184e-09,3.78401158738055e-09,3.5738830437620922e-09,3.3361419465692178e-09,3.0224796517322117e-09,2.6501340741003032e-09,2.2087795211698197e-09,1.8674665480322185e-09,1.6296524519673016e-09,1.5298825852896426e-09,1.6681930392891498e-09,inf,7.663969337918383e-09,1.7712540605193563e-09
1564,2.254938731544243e-09,2.285945282178466e-09,2.3307451769957942e-09,2.3927982745906148e-09,2.4651945647500118e-09,2.527250396736537e-09,2.5893124488285315e-09,2.6720694203742833e-09,2.7306851110817013e-09,2.7858541256493847e-09,2.878973206671846e-09,2.9513959822327667e-09,3.0479662442791397e-09,3.116946576061719e-09,3.1583853981875733e-09,3.2447361310598963e-09,3.3276600782170966e-09,3.3933637596862472e-09,3.4625113466498133e-09,3.5660919301081466e-09,3.6765394746166097e-09,3.762923989821264e-09,3.8217626404285755e-09,3.835876841283126e-09,3.774280929379973e-09,3.5646986397854054e-09,3.3275740101961305e-09,3.0147222488595243e-09,2.643336683371845e-09,2.2031178015006887e-09,1.862682774508204e-09,1.6254805438290195e-09,1.5259685928317217e-09,1.6639279266365026e-09,inf,7.64439968473232e-09
1565,2.204363563140523e-09,2.24905308709451e-09,2.2799825979515267e-09,2.324669598141201e-09,2.386565003332104e-09,2.458776879731353e-09,2.520675439836055e-09,2.582580408322488e-09,2.6651267298663044e-09,2.7235947282945954e-09,2.7786251858939224e-09,2.8715074778103806e-09,2.943747405798227e-09,3.040072519073404e-09,3.1088794264201235e-09,3.1502162840709908e-09,3.2363490953630898e-09,3.3190642542809885e-09,3.3846038707137354e-09,3.4535787196418226e-09,3.5568980143468896e-09,3.667066914061525e-09,3.753235101405932e-09,3.8119285827612906e-09,3.826012810792486e-09,3.764581529496858e-09,3.5555437202333997e-09,3.319033561571114e-09,3.006989717413834e-09,2.636561072158075e-09,2.1974742109259557e-09,1.8579143090500464e-09,1.6213219772499771e-09,1.5220671091307687e-09,1.659676436181358e-09,inf
